Date,Title,Link,Description
2023/08/03,【直接応募】野村財団,https://www.globalkomaba.c.u-tokyo.ac.jp/news/nid00001071.html,
2023/08/03,公益財団法人 竹中育英会 2023年（2024年度秋留学開始分）海外留学奨学生の募集,https://www.globalkomaba.c.u-tokyo.ac.jp/news/nid00001070.html,〆切日：2023年8月28日（月）16：00
2023/08/01,2023年度Aセメスター大学推薦奨学金登録（学部）について,https://www.globalkomaba.c.u-tokyo.ac.jp/news/nid00001065.html,
2023/08/01,2022年度Aセメスター大学推薦奨学金登録（大学院）について,https://www.globalkomaba.c.u-tokyo.ac.jp/news/nid00001066.html,
2023/07/31,吉田育英会2024年度＜日本人派遣留学プログラム＞奨学生,https://www.globalkomaba.c.u-tokyo.ac.jp/news/nid00001069.html,〆切日：2023年8月16日（水）16：00
2023/07/27,東京都太田記念館 入居者募集（10月入居）,https://www.globalkomaba.c.u-tokyo.ac.jp/news/nid00001050.html,
2023/07/27,【直接応募】高久国際奨学財団,https://www.globalkomaba.c.u-tokyo.ac.jp/news/nid00001047.html,
2023/07/26,【直接応募】CWAJ外国人留学生大学院女子奨学金,https://www.globalkomaba.c.u-tokyo.ac.jp/news/nid00001045.html,
2023/07/21,"上原記念生命科学財団 2023年来日研究生助成金

※総合文化研究科に在籍する大学院正規課程学生が対象です。
※応募には2023年Sセメスター奨学金登録が必要です。
",https://www.globalkomaba.c.u-tokyo.ac.jp/news/nid00001038.html,
2023/07/11,"樫山奨学寄宿舎生の募集について（2023年10月入居）
※総合文化研究科  在学生が対象です。",https://www.globalkomaba.c.u-tokyo.ac.jp/news/nid00001026.html,
2023/07/11,三井グループ350周年記念事業「三井みらいチャレンジャーズオーディション」,https://www.globalkomaba.c.u-tokyo.ac.jp/news/nid00001027.html,
2023/07/05,【直接応募】目白台ビレッジ 2023年度秋季RA募集について,https://www.globalkomaba.c.u-tokyo.ac.jp/news/nid00001021.html,
2023/07/03,【重要】在籍確認について（大学院総合文化研究科・教養学部に在学している国費奨学金・交流協会奨学金・学習奨励費 受給者の皆様へ）(2023/7/3),https://www.globalkomaba.c.u-tokyo.ac.jp/news/nid00001010.html,
2023/06/19,佐藤陽国際奨学財団私費留学奨学生の募集について,https://www.globalkomaba.c.u-tokyo.ac.jp/news/nid00001001.html,
2023/06/08,"日本語教育センター(本郷キャンパス)
7月開講「短期コース」及び「スポット講座」のご案内",https://www.globalkomaba.c.u-tokyo.ac.jp/news/nid00000993.html,
2023/06/02,東京大学外国人留学生宿舎の入居者募集について,https://www.globalkomaba.c.u-tokyo.ac.jp/news/nid00000989.html,
2023/05/29,公益財団法人KDDI財団「2024年度日本人留学生助成」プログラム,https://www.globalkomaba.c.u-tokyo.ac.jp/news/nid00000983.html,〆切日：2023年8月3日（木）16：00（厳守）
2023/05/26,〔更新〕センター長挨拶を公開しました,https://www.globalkomaba.c.u-tokyo.ac.jp/news/nid00000975.html,
2023/05/22,2023年度 ベトナム国家大学ハノイ校附属人文社会科学大学、ベトナム国家大学ハノイ校附属日越大学への派遣候補学生（大学院学生・学部学生）募集について,https://www.globalkomaba.c.u-tokyo.ac.jp/news/nid00000965.html,締切日：2023年6月12日（月）12時（正午）
2023/05/18,"日本語教育センター(本郷キャンパス)
6月開講「スポット講座」のご案内",https://www.globalkomaba.c.u-tokyo.ac.jp/news/nid00000967.html,
2023/05/17,公益財団法人 経団連国際教育交流財団　2024年度派遣日本人大学院生奨学金の募集,https://www.globalkomaba.c.u-tokyo.ac.jp/news/nid00000966.html,〆切日：2023年7月26日（水）16:00（厳守）
2023/05/11,2023年度 セビリア大学哲学部への派遣候補学生（大学院学生・学部学生）募集について,https://www.globalkomaba.c.u-tokyo.ac.jp/news/nid00000962.html,締切日：2023年6月5日（月）12時（正午）
2023/05/09,"【直接応募】東京日本語教育センター留学生寮
レジデント・アシスタント（RA) 募集について",https://www.globalkomaba.c.u-tokyo.ac.jp/news/nid00000960.html,
2023/04/28,【本部直接応募】グローバル教育センター担当サマープログラム,https://www.globalkomaba.c.u-tokyo.ac.jp/news/nid00000952.html,
2023/04/20,留学・国際交流ナビ 資料掲載のお知らせ,https://www.globalkomaba.c.u-tokyo.ac.jp/news/nid00000943.html,
2023/04/19,"【参加学生募集/要事前登録】Representation of the Other in Political Cinema
————The Comfort Zone of Absolutism in “Battleship Potemkin”; The Absence of
The Other in “Triumph of the Will” and Moral Ambiguity in “The Battle of Algiers”",https://www.globalkomaba.c.u-tokyo.ac.jp/news/nid00000939.html,開催日時：2023年5月12日（金）10:00～12:00
2023/04/19,"【参加学生募集/要事前登録】“Universalizing Philosophy for Wisdom”
——Dialogue between Prof. Gert Scobel and Prof. Takahiro Nakajima",https://www.globalkomaba.c.u-tokyo.ac.jp/news/nid00000938.html,開催日時：2023年5月9日（火）10:00～12:00
2023/04/17,【募集中止】東京大学海外派遣奨学事業　2023年度短期・超短期海外留学等奨学金及び海外大学等オンライン授業等履修奨励制度,https://www.globalkomaba.c.u-tokyo.ac.jp/news/nid00000918.html,
2023/04/12,2023 S2ターム Planetary Health 国際研修ガイダンス  資料掲載のお知らせ,https://www.globalkomaba.c.u-tokyo.ac.jp/news/nid00000922.html,
2023/04/12,"2023年度学習奨励費特別枠
（留学生就職促進教育プログラム）受給者推薦 　
※応募には奨学金登録が必要です※",https://www.globalkomaba.c.u-tokyo.ac.jp/news/nid00000924.html,
2023/04/11,【直接応募】留学生交流クラブ,https://www.globalkomaba.c.u-tokyo.ac.jp/news/nid00000920.html,
2023/04/07,【財団直接応募】2023年度韓国国際交流財団「韓国研究大学院給付奨学生」,https://www.globalkomaba.c.u-tokyo.ac.jp/news/nid00000926.html,応募〆切日：2023年4月25日18:00
2023/04/07,【本部直接応募】サマープログラム（各協定校等主催）二次募集 参加学生の募集,https://www.globalkomaba.c.u-tokyo.ac.jp/news/nid00000915.html,申請期間：2023/4/7（金）～4/14（金）正午
2023/04/05,【直接応募】公益財団法人金子国際文化交流財団,https://www.globalkomaba.c.u-tokyo.ac.jp/news/nid00000907.html,
2023/04/05,公益財団法人味の素奨学金　※応募には奨学金登録が必要です※,https://www.globalkomaba.c.u-tokyo.ac.jp/news/nid00000905.html,
2023/04/05,【直接応募】実践桜会国際交流基金,https://www.globalkomaba.c.u-tokyo.ac.jp/news/nid00000903.html,
2023/04/04,2023年度（第15期）～トビタテ！留学JAPAN 新・日本代表プログラム～（大学1年生枠）の募集　,https://www.globalkomaba.c.u-tokyo.ac.jp/news/nid00000900.html,応募〆切日：2023年4月13日（木）23時59分
2023/04/03,公益財団法人食生活研究会 2023年度（2023年秋留学開始分）海外留学奨学生の募集,https://www.globalkomaba.c.u-tokyo.ac.jp/news/nid00000899.html,〆切日：2023年4月14日（金）紙媒体：16時<br />データ：23時59分
2023/03/29,2023年度全学交換留学（グローバルキャンパス推進本部担当） 派遣候補学生の募集（2023-2024年期春募集）,https://www.globalkomaba.c.u-tokyo.ac.jp/news/nid00000890.html,応募期間：2023年４月3日（月）～5月23日（火）23：59（日本時間）
2023/03/29,【直接応募】UTokyo Global Unit Courses（UTokyo GUC）二次募集（本学学生対象）,https://www.globalkomaba.c.u-tokyo.ac.jp/news/nid00000909.html,応募期間：2023年3月29日（水）～4月21日（金）16:00
2023/03/29,2023年度 国際研修全体ガイダンスのお知らせ,https://www.globalkomaba.c.u-tokyo.ac.jp/news/nid00000876.html,ガイダンスビデオ掲載しました
2023/03/29,守谷育英会2023年度奨学生,https://www.globalkomaba.c.u-tokyo.ac.jp/news/nid00000887.html,応募意思確認連絡〆切：4月7日（金）正午<br />応募書類提出〆切：4月10日（月）正午
2023/03/29,【直接応募】ウシオ財団,https://www.globalkomaba.c.u-tokyo.ac.jp/news/nid00000879.html,
2023/03/29,"【直接応募】本庄国際奨学財団(秋採用） 
　募集期間：2023年4月1日～4月30日",https://www.globalkomaba.c.u-tokyo.ac.jp/news/nid00000885.html,
2023/03/27,UC派遣プログラム 2023-2024年期　派遣候補学生の募集,https://www.globalkomaba.c.u-tokyo.ac.jp/news/nid00000877.html,申請期間：2023年4月3日（月）12時（正午）～4月10日（月）16：00
2023/03/27,【学生募集】2023年 Aセメスター 北京大学EAA派遣留学生の募集,https://www.globalkomaba.c.u-tokyo.ac.jp/news/nid00000875.html,締切日：2023年4月3日（月）午前9:00
2023/03/22,"【2023年4月入学の私費留学生対象（応募時に未渡日学生も含む）】
東京大学外国人留学生特別奨励費制度(東大フェローシップ)について 
※総合文化研究科に4月に入・進学した学生に限ります",https://www.globalkomaba.c.u-tokyo.ac.jp/news/nid00000867.html,
2023/03/20,【重要】2023年度 在籍確認について（大学院総合文化研究科・教養学部に在学している国費・交流協会奨学金受給者の皆様へ）(3/20),https://www.globalkomaba.c.u-tokyo.ac.jp/news/nid00000864.html,
2023/03/16,【直接応募】戸部眞紀財団,https://www.globalkomaba.c.u-tokyo.ac.jp/news/nid00000862.html,
2023/03/16,【直接応募】大塚敏美育英奨学財団,https://www.globalkomaba.c.u-tokyo.ac.jp/news/nid00000859.html,
2023/03/14,"(応募期間延長及び支給金額変更のお知らせ・5/12更新）
【直接応募】2023年度公益財団法人ダイオーズ記念財団奨学生",https://www.globalkomaba.c.u-tokyo.ac.jp/news/nid00000845.html,
2023/03/13,2023年度　パリ第8大学への派遣候補学生（大学院学生・学部学生）募集について,https://www.globalkomaba.c.u-tokyo.ac.jp/news/nid00000855.html,締切日:2023年4月7日（金）12時（正午）
2023/03/13,2023年度　パリ大学（旧パリ第７・ディドロ大学）への派遣候補学生（大学院学生・学部学生）募集について,https://www.globalkomaba.c.u-tokyo.ac.jp/news/nid00000850.html,締切日：2023年4月7日（金）12時（正午）
2023/03/09,日本語補講開講のお知らせ（2023S 駒場キャンパス）,https://www.globalkomaba.c.u-tokyo.ac.jp/news/nid00000841.html,
2023/03/08,"日本語教育センター(本郷キャンパス) 
2023年度S1S2開講コースのご案内",https://www.globalkomaba.c.u-tokyo.ac.jp/news/nid00000838.html,
2023/03/06,【締切日変更】国立政治大学歴史学系、国立政治大学台湾史研究所への派遣候補学生（大学院学生）の募集について,https://www.globalkomaba.c.u-tokyo.ac.jp/news/nid00000837.html,締切日：2023年4月5日（水）12時（正午）
2023/03/03,百賢亞洲研究院 AFLSP2023年度 日本人学生交換留学奨学金プログラムの募集,https://www.globalkomaba.c.u-tokyo.ac.jp/news/nid00000835.html,〆切日：2023年3月15日（水）16時
2023/03/01,華東師範大学思勉人文高等研究院への派遣候補学生（大学院学生）の募集について,https://www.globalkomaba.c.u-tokyo.ac.jp/news/nid00000819.html,締切日：2023年3月31日（金）12時（正午）
2023/02/27,2023年度　エセックス大学（英国）への派遣候補学生（学部生）募集について,https://www.globalkomaba.c.u-tokyo.ac.jp/news/nid00000811.html,締切日：2023年3月31日（金）午後12：00
2023/02/27,北京大学歴史学系への派遣候補学生（大学院学生）の募集について,https://www.globalkomaba.c.u-tokyo.ac.jp/news/nid00000813.html,締切日：2023年3月27日（月）12時（正午）
2023/02/21,【本部国際交流課直接応募】サマープログラム（各協定校等主催）参加学生の募集,https://www.globalkomaba.c.u-tokyo.ac.jp/news/nid00000808.html,申請期間：2023/2/20（月）～3/10（金）正午（日本時間）
2023/02/16,【直接応募】マブチ国際育英財団2023年度奨学生(2023.4時点で学部1.2年生が対象） ※応募には奨学金登録が必要です※,https://www.globalkomaba.c.u-tokyo.ac.jp/news/nid00000799.html,提出〆切：2023年4月27日（木）16:00 提出先：国際交流支援チーム
2023/02/16,シンガポール国立大学理学部への派遣候補学生（学部生）募集について,https://www.globalkomaba.c.u-tokyo.ac.jp/news/nid00000806.html,締切日：2023年3月3日(金）12時(正午）
2023/02/16,（直接応募）第33回IBPグローバル留学奨学金 ,https://www.globalkomaba.c.u-tokyo.ac.jp/news/nid00000807.html,
2023/02/16,令和5年度公益財団法人安田奨学財団スポーツ枠奨学生の募集について,https://www.globalkomaba.c.u-tokyo.ac.jp/news/nid00000797.html,締切日：2023年4月11日（火）16:00 提出先：国際交流支援チーム
2023/02/14,[〆切延長のお知らせ]樫山奨学寄宿舎生の募集について樫山奨学寄宿舎生の募集について（2023年4月入居）,https://www.globalkomaba.c.u-tokyo.ac.jp/news/nid00000801.html,申請書アップロード期限：2023年3月2日（木）
2023/02/14,【本部国際交流課直接応募】NUS Asia Fellowship Programme及びSMU Global Summer Programme参加学生の募集,https://www.globalkomaba.c.u-tokyo.ac.jp/news/nid00000805.html,応募期間：2023年2月14日（火）～2月22日（水）正午
2023/02/13,"
【本部国際交流直接応募】AUA Youth Forum 2023参加学生の募集",https://www.globalkomaba.c.u-tokyo.ac.jp/news/nid00000804.html,〆切日：2023年2月17日（金）
2023/02/13,【財団直接応募】公益財団法人　豊田理化学研究所　海外大学院進学支援 ,https://www.globalkomaba.c.u-tokyo.ac.jp/news/nid00000809.html,
2023/02/06,2023年度Sセメスター大学推薦奨学金登録（学部）について,https://www.globalkomaba.c.u-tokyo.ac.jp/news/nid00000473.html,登録期間：2023年2月6日（月）～2023年4月11日（火）16:00　※登録期間終了後の提出については国際交流支援チームに問い合わせること。
2023/02/06,2023年度Sセメスター大学推薦奨学金登録（大学院）について,https://www.globalkomaba.c.u-tokyo.ac.jp/news/nid00000474.html,登録期間：2023年2月6日（月）～2023年4月11 日（火）16:00　※登録期間終了後の提出については国際交流支援チームに問い合わせること。
2023/02/02,社員寮への入居者募集について,https://www.globalkomaba.c.u-tokyo.ac.jp/news/nid00000472.html,締切日：2023年2月27日（月）
2023/02/01,【直接応募】2023 SMART Lyonプログラム参加学生の募集,https://www.globalkomaba.c.u-tokyo.ac.jp/news/nid00000471.html,募集期間：2023年１月31日（火）～2月13日（月）
2023/02/01,【チューター募集中】2023年新入留学生向け 個別チューター登録者,https://www.globalkomaba.c.u-tokyo.ac.jp/news/nid00000470.html,登録締切：2023年5月12日(金)
2023/01/31,【直接応募】2023 HKUST-AEARU Summer Institute of Extended Flipped Education参加学生の募集,https://www.globalkomaba.c.u-tokyo.ac.jp/news/nid00000469.html,応募期間：2023年1月30日（月）～2月10日（金）正午
2023/01/25,エコール・ノルマル・シューペリユール（パリ）への交換留学生（派遣）募集について,https://www.globalkomaba.c.u-tokyo.ac.jp/news/nid00000332.html,締切日：2023年2月6日（月）
2023/01/20,2023年度 TOMODACHI 住友商事奨学金プログラム,https://www.globalkomaba.c.u-tokyo.ac.jp/news/nid00000329.html,〆切日：2023年2月14日（火）16：00（日本時間）
2023/01/20,樫山奨学寄宿舎生の募集について(2023年4月入居）,https://www.globalkomaba.c.u-tokyo.ac.jp/news/nid00000330.html,申請書アップロード期限：2023年2月10日（金）16:00
2023/01/20,【本部国際交流課直接応募】アンタルヤ外交フォーラム参加学生の募集,https://www.globalkomaba.c.u-tokyo.ac.jp/news/nid00000331.html,応募期間：2023年1月20日（金）～1月27日（金）正午
2023/01/17,（1/17更新）2022年度 在籍確認について（大学院総合文化研究科・教養学部に在学している国費・日韓・交流協会奨学金受給者の皆様へ） ,https://www.globalkomaba.c.u-tokyo.ac.jp/news/nid00000328.html,
2023/01/16,2023年度 JESS・学研災グローバル人材育成奨学金の募集,https://www.globalkomaba.c.u-tokyo.ac.jp/news/nid00000327.html,申請〆切日：2023年1月30日（月）16：00　　申請書取寄せ期間：2023年1月16日（月）～1月27日（金）16：00（土日は対応しておりません）
2023/01/11,※ガイダンス情報追加【EAAユース（東アジア藝文書院プログラム生）】第4期募集,https://www.globalkomaba.c.u-tokyo.ac.jp/news/nid00000326.html,応募締切：2023年1月23日（月）午前9:00
2023/01/06,【直接応募】 AEARU Global Learning Initiatives Program 2023 Spring,https://www.globalkomaba.c.u-tokyo.ac.jp/news/nid00000325.html,〆切日はウェブサイト参照（プログラムによって異なります）※事前に本部国際交流課によるendorsement formへの署名が必要のため注意すること。
2023/01/05,【東京国際交流館】入居者募集（2023(令和5)年度推薦方式）,https://www.globalkomaba.c.u-tokyo.ac.jp/news/nid00000009.html,
2022/12/27,※様式差し替えあり（2023/1/10更新）※【学内エントリー】2023年度（第15期）～トビタテ！留学JAPAN 新・日本代表プログラム～（大学1年生以外）の募集　,https://www.globalkomaba.c.u-tokyo.ac.jp/news/nid00000010.html,学内エントリー〆切日：2023年1月26日（木）※学内エントリーを行った学生のみが本申請が認められます。
2022/12/26,【理工系大学院学生対象】2022年度 日揮・実吉奨学会海外留学奨学生（2023年度派遣）,https://www.globalkomaba.c.u-tokyo.ac.jp/news/nid00000011.html,
2022/12/26,【直接応募】東亜留学生育友会奨学生,https://www.globalkomaba.c.u-tokyo.ac.jp/news/nid00000012.html,
2022/12/26,五月祭企画出展説明会（第1回企画代表者会議）について,https://www.globalkomaba.c.u-tokyo.ac.jp/news/nid00000013.html,説明会開催日：2023年2月3日(金）(19:30@本郷キャンパス) / 2023年2月4日(土）(13:00@駒場キャンパス)
2022/12/23,東京大学外国人留学生宿舎の入居者募集について,https://www.globalkomaba.c.u-tokyo.ac.jp/news/nid00000014.html,
2022/12/21,【直接応募】UTokyo Global Unit Courses（UTokyo GUC）,https://www.globalkomaba.c.u-tokyo.ac.jp/news/nid00000015.html,
2022/12/21,【直接応募】公益信託久保田豊基金,https://www.globalkomaba.c.u-tokyo.ac.jp/news/nid00000016.html,
2022/12/21,日本語教育センター(本郷キャンパス)「短期コース」及び「スポット講座」開講のご案内,https://www.globalkomaba.c.u-tokyo.ac.jp/news/nid00000017.html,
2022/12/20,【直接応募】SJTU Global Virtual Classroom Spring 2023（オンライン）,https://www.globalkomaba.c.u-tokyo.ac.jp/news/nid00000018.html,
2022/12/09,【直接応募】IARU（国際研究型大学連合） Global Internship Program,https://www.globalkomaba.c.u-tokyo.ac.jp/news/nid00000019.html,
2022/12/07,【人工知能分野の学修・研究学生対象】東京大学トヨタ高度人工知能人材育成のための海外留学奨学金20223,https://www.globalkomaba.c.u-tokyo.ac.jp/news/nid00000020.html,
2022/12/06,※詳細決定＜2022/12/8更新＞※＜速報＞業務スーパージャパンドリーム財団奨学金,https://www.globalkomaba.c.u-tokyo.ac.jp/news/nid00000021.html,
2022/12/06,2023年度春季集中 (2022-A2) 追加募集3名!! 最終締切 12月10日,https://www.globalkomaba.c.u-tokyo.ac.jp/news/nid00000022.html,
2022/11/28,佐藤陽国際奨学財団私費留学奨学生 春募集について,https://www.globalkomaba.c.u-tokyo.ac.jp/news/nid00000023.html,
2022/11/25,【直接応募】岩谷直治記念財団奨学金,https://www.globalkomaba.c.u-tokyo.ac.jp/news/nid00000024.html,
2022/11/24,公益財団法人 佐藤陽国際奨学財団2023年度派遣留学奨学生,https://www.globalkomaba.c.u-tokyo.ac.jp/news/nid00000025.html,
2022/11/21,【EAAユース（東アジア藝文書院プログラム生）】第4期募集,https://www.globalkomaba.c.u-tokyo.ac.jp/news/nid00000026.html,
2022/11/17,東京都太田記念館 入居者募集（4月入居）,https://www.globalkomaba.c.u-tokyo.ac.jp/news/nid00000027.html,
2022/11/16,公益財団法人阪和育英会2023年度海外留学奨学生の募集,https://www.globalkomaba.c.u-tokyo.ac.jp/news/nid00000028.html,
2022/11/16,【直接応募】岡本国際奨学交流財団奨学金,https://www.globalkomaba.c.u-tokyo.ac.jp/news/nid00000029.html,
2022/11/10,（本部国際交流課直接応募）NYCU Spring Short-term program,https://www.globalkomaba.c.u-tokyo.ac.jp/news/nid00000030.html,
2022/11/08,【国際研修】Global Health Nagasaki （11月4日開催）説明会資料を 掲載しました ！,https://www.globalkomaba.c.u-tokyo.ac.jp/news/nid00000031.html,
2022/11/04,公益財団法人国際協和奨学会 令和5年度海外留学奨学生の募集,https://www.globalkomaba.c.u-tokyo.ac.jp/news/nid00000032.html,
2022/11/02,東京大学海外派遣奨学事業 2022年度短期・超短期海外留学等奨学金第2回募集,https://www.globalkomaba.c.u-tokyo.ac.jp/news/nid00000033.html,
2022/11/02,東京大学海外派遣奨学事業 2022年度オンラインプログラム奨励金 第２回募集,https://www.globalkomaba.c.u-tokyo.ac.jp/news/nid00000034.html,
2022/10/31,【法学部へ進学予定の学生対象】公益財団法人トラスト未来フォーラム「2023年度海外留学支援奨学金」奨学生の募集,https://www.globalkomaba.c.u-tokyo.ac.jp/news/nid00000035.html,
2022/10/31,一般財団法人アジア国際交流奨学財団 2023年度 川口靜記念奨学生の募集,https://www.globalkomaba.c.u-tokyo.ac.jp/news/nid00000036.html,
2022/10/27,【本部国際交流課直接応募】パリ政治学院（Sciences Po）2023年春季短期留学European Affairs Programme 2023参加学生の募集,https://www.globalkomaba.c.u-tokyo.ac.jp/news/nid00000037.html,
2022/10/21,＜2022/11/28情報更新＞【イベント】トビタテ！留学JAPAN第15期募集と説明会開催のご案内,https://www.globalkomaba.c.u-tokyo.ac.jp/news/nid00000038.html,
2022/10/19,＜10/24情報更新＞※国内大学で修学する外国人留学生対象（タイプA）※【直接応募】イノアック国際教育振興財団　第３７期奨学生募集 （タイプA）,https://www.globalkomaba.c.u-tokyo.ac.jp/news/nid00000039.html,
2022/10/18,＜2022.11.7更新＞※海外留学する日本人学生対象（タイプB）※【財団直接応募】イノアック国際教育振興財団　第３７期奨学生募集（タイプB）,https://www.globalkomaba.c.u-tokyo.ac.jp/news/nid00000040.html,
2022/10/14,第73回駒場祭入構予約の東京大学学部生優先受付について,https://www.globalkomaba.c.u-tokyo.ac.jp/news/nid00000041.html,
2022/10/14,【本部国際交流課直接応募】2022年度グローバルキャンパス推進本部ウインタープログラム参加学生の募集（10.28更新あり）,https://www.globalkomaba.c.u-tokyo.ac.jp/news/nid00000042.html,
2022/10/13,樫山奨学寄宿舎生の募集について(2022年12月入居）,https://www.globalkomaba.c.u-tokyo.ac.jp/news/nid00000043.html,
2022/10/13,川口靜奨学金,https://www.globalkomaba.c.u-tokyo.ac.jp/news/nid00000044.html,
2022/10/11,【直接応募】似鳥国際奨学財団（2023年度上期）,https://www.globalkomaba.c.u-tokyo.ac.jp/news/nid00000045.html,
2022/10/11,【直接応募】伊藤国際教育交流財団,https://www.globalkomaba.c.u-tokyo.ac.jp/news/nid00000046.html,
2022/10/07,【直接応募】日中友好協会アリアケジャパン奨学金（旧：丹羽宇一郎奨学金）,https://www.globalkomaba.c.u-tokyo.ac.jp/news/nid00000047.html,
2022/10/05,【国際研修】全体ガイダンス（10月5日開催）説明会資料を 掲載しました！,https://www.globalkomaba.c.u-tokyo.ac.jp/news/nid00000048.html,
2022/10/03,【直接応募】More Jobs Better Lives 一般財団法人,https://www.globalkomaba.c.u-tokyo.ac.jp/news/nid00000049.html,
2022/09/26,2023年度 ドイツの協定校への派遣候補学生の募集について,https://www.globalkomaba.c.u-tokyo.ac.jp/news/nid00000050.html,
2022/09/26,2023年度　ベルリン自由大学歴史文化学部、大学院東アジア研究科、シュレーゲル大学院文学研究科及びゲオルグ・アウグスト大学ゲッティンゲンへの派遣候補学生の募集について,https://www.globalkomaba.c.u-tokyo.ac.jp/news/nid00000051.html,
2022/09/22,【学生募集】2023年 Sセメスター北京大学EAA派遣留学生の募集,https://www.globalkomaba.c.u-tokyo.ac.jp/news/nid00000052.html,
2022/09/21,【本部国際交流課直接応募】AUA-NU Overseas Study Program 2022（オンライン）,https://www.globalkomaba.c.u-tokyo.ac.jp/news/nid00000053.html,
2022/09/16,【本部国際交流課直接応募】AUA Lecture Series 2022: Future of Energy,https://www.globalkomaba.c.u-tokyo.ac.jp/news/nid00000054.html,
2022/09/15,2022年度学習奨励費特別枠（留学生就職促進教育プログラム）受給者推薦 　※応募には奨学金登録が必要です※,https://www.globalkomaba.c.u-tokyo.ac.jp/news/nid00000055.html,
2022/09/12,【2022年9、10月入学の私費留学生対象（応募時に未渡日学生も含む）】東京大学外国人留学生特別奨励費制度（東京大学フェローシップ）について ※総合文化研究科に9、10月に入・進学した学生に限ります,https://www.globalkomaba.c.u-tokyo.ac.jp/news/nid00000056.html,
2022/09/09,【直接応募】AUA Youth Forum 2020,https://www.globalkomaba.c.u-tokyo.ac.jp/news/nid00000057.html,
2022/09/08,＜2022/10/24 更新（訂正）＞【システムよりの申請】独立行政法人日本学生支援機構（JASSO）2023年度海外留学支援制度（大学院学位取得型）「大学とりまとめ応募」募集について,https://www.globalkomaba.c.u-tokyo.ac.jp/news/nid00000058.html,
2022/09/06,日本語教育センター(本郷キャンパス) 2022年度A1A2開講コースのご案内,https://www.globalkomaba.c.u-tokyo.ac.jp/news/nid00000059.html,
2022/08/29,【直接応募】本庄国際奨学財団（春採用）,https://www.globalkomaba.c.u-tokyo.ac.jp/news/nid00000060.html,
2022/08/24,【学生募集】訳者と共に読む『中国における技術への問い』読書会,https://www.globalkomaba.c.u-tokyo.ac.jp/news/nid00000061.html,
2022/08/19,【直接応募】2023年度 日本台湾交流協会日本奨学金留学生（国内採用）,https://www.globalkomaba.c.u-tokyo.ac.jp/news/nid00000062.html,
2022/08/18,【直接応募】高久国際奨学財団,https://www.globalkomaba.c.u-tokyo.ac.jp/news/nid00000063.html,
2022/08/18,日本語補講開講のお知らせ（2022A 駒場キャンパス）,https://www.globalkomaba.c.u-tokyo.ac.jp/news/nid00000064.html,
2022/08/17,東京都太田記念館 入居者募集（10月入居）,https://www.globalkomaba.c.u-tokyo.ac.jp/news/nid00000065.html,
2022/08/09,[〆切延長のお知らせ]樫山奨学寄宿舎生の募集について(2022年10月入居）,https://www.globalkomaba.c.u-tokyo.ac.jp/news/nid00000066.html,
2022/08/08,＜2022/9/12 情報更新＞2022年度全学交換留学（グローバルキャンパス推進本部担当） 派遣候補学生の募集（2023-2024年期秋募集）,https://www.globalkomaba.c.u-tokyo.ac.jp/news/nid00000067.html,
2022/08/04,【直接応募】野村財団,https://www.globalkomaba.c.u-tokyo.ac.jp/news/nid00000068.html,
2022/08/03,東京大学留学生就職促進プログラム（CDIPs）からのご案内,https://www.globalkomaba.c.u-tokyo.ac.jp/news/nid00000069.html,
2022/08/03,[〆切延長のお知らせ]【直接応募】公益財団法人 千本財団,https://www.globalkomaba.c.u-tokyo.ac.jp/news/nid00000070.html,
2022/08/01,2022年度Aセメスター大学推薦奨学金登録（大学院）について,https://www.globalkomaba.c.u-tokyo.ac.jp/news/nid00000071.html,
2022/08/01,2022年度Aセメスター大学推薦奨学金登録（学部）について,https://www.globalkomaba.c.u-tokyo.ac.jp/news/nid00000072.html,
2022/07/29,学術情報リテラシー担当より講習会のお知らせ,https://www.globalkomaba.c.u-tokyo.ac.jp/news/nid00000073.html,
2022/07/26,樫山奨学寄宿舎生の募集について（2022年10月入居）,https://www.globalkomaba.c.u-tokyo.ac.jp/news/nid00000074.html,
2022/07/22,【補足】本サイトは総合文化研究科所属学生が対象です。【対象：東京大学博士課程学生】追分インターナショナル・ビレッジ募集（2022年10月入居）について,https://www.globalkomaba.c.u-tokyo.ac.jp/news/nid00000075.html,
2022/07/22,【対象：東京大学博士課程学生】追分インターナショナル・ビレッジ募集（2022年10月入居）について,https://www.globalkomaba.c.u-tokyo.ac.jp/news/nid00000076.html,
2022/07/22,【窓口臨時閉室のお知らせ】教務課国際交流支援チーム,https://www.globalkomaba.c.u-tokyo.ac.jp/news/nid00000077.html,
2022/07/22,海外渡航前 危機管理オリエンテーション,https://www.globalkomaba.c.u-tokyo.ac.jp/news/nid00000078.html,
2022/07/20,【直接応募】PKU Global Open Courses 2022 Fall 参加学生の募集,https://www.globalkomaba.c.u-tokyo.ac.jp/news/nid00000079.html,
2022/07/20,吉田育英会2023年度＜日本人派遣留学プログラム＞奨学生,https://www.globalkomaba.c.u-tokyo.ac.jp/news/nid00000080.html,
2022/07/15,【本部国際交流課直接応募】AEARU Global Learning Initiatives Program Fall 2022（オンライン）,https://www.globalkomaba.c.u-tokyo.ac.jp/news/nid00000081.html,
2022/07/13,HSPシンポジウム「人権コロキアム」開催のお知らせ 開催日：2022年7月23日（土）,https://www.globalkomaba.c.u-tokyo.ac.jp/news/nid00000082.html,
2022/07/12,新入留学生のための駒場Ⅰキャンパスツアーのガイド募集！,https://www.globalkomaba.c.u-tokyo.ac.jp/news/nid00000303.html,
2022/07/05,【直接応募】渥美国際交流財団,https://www.globalkomaba.c.u-tokyo.ac.jp/news/nid00000083.html,
2022/06/29,【学生募集】 2022年 東京大学―北京大学 東アジア藝文書院 Summer Institute募集　,https://www.globalkomaba.c.u-tokyo.ac.jp/news/nid00000085.html,
2022/06/28,公益財団法人KDDI財団「2023年度日本人留学生助成」プログラム,https://www.globalkomaba.c.u-tokyo.ac.jp/news/nid00000086.html,
2022/06/27,ニューヨーク大学Graduate School of Arts and Scienceへの派遣候補学生（大学院学生）の募集について ,https://www.globalkomaba.c.u-tokyo.ac.jp/news/nid00000087.html,
2022/06/24,【本部直接応募】Learning SDGs Globally and Locally（Online）参加学生の募集,https://www.globalkomaba.c.u-tokyo.ac.jp/news/nid00000088.html,
2022/06/20,公益財団法人 経団連国際教育交流財団　2023年度派遣日本人大学院生奨学金の募集,https://www.globalkomaba.c.u-tokyo.ac.jp/news/nid00000089.html,
2022/06/20,【適格者全員応募】東京大学外国人留学生支援基金　川野幸夫基金（緊急給付金）※応募には奨学金登録が必要です※,https://www.globalkomaba.c.u-tokyo.ac.jp/news/nid00000090.html,
2022/06/20,佐藤陽国際奨学財団私費留学奨学生の募集について,https://www.globalkomaba.c.u-tokyo.ac.jp/news/nid00000091.html,
2022/06/15,【本部直接応募】Global Challenge Lab 22: Climate Action参加学生の募集,https://www.globalkomaba.c.u-tokyo.ac.jp/news/nid00000092.html,
2022/06/13,【本部国際交流課直接応募】2022年度グローバルキャンパス推進本部サマープログラム参加学生の二次募集,https://www.globalkomaba.c.u-tokyo.ac.jp/news/nid00000093.html,
2022/06/10,2022 Nankai “AI Algorithms and Applications” Summer Online Program参加学生の募集,https://www.globalkomaba.c.u-tokyo.ac.jp/news/nid00000094.html,
2022/06/09,日本語教育センター(本郷キャンパス)「短期コース」及び「スポット講座」開講のご案内,https://www.globalkomaba.c.u-tokyo.ac.jp/news/nid00000095.html,
2022/06/03,【直接応募】埼玉県日墨戦略的グローバル・パートナーシップ研修計画　派遣奨学生,https://www.globalkomaba.c.u-tokyo.ac.jp/news/nid00000096.html,
2022/06/02,東京大学外国人留学生宿舎の入居者募集について,https://www.globalkomaba.c.u-tokyo.ac.jp/news/nid00000097.html,
2022/05/31,私費外国人留学生の新規入国にかかる手続きについて（2022/5/31更新）,https://www.globalkomaba.c.u-tokyo.ac.jp/news/nid00000098.html,
2022/05/31,【重要】追加書類（★印）公益財団法人ジャパンマテリアル国際奨学財団2022年度第2回募集について,https://www.globalkomaba.c.u-tokyo.ac.jp/news/nid00000099.html,
2022/05/30,東京大学海外派遣奨学事業 2022年度短期・超短期海外留学等奨学金第1回募集,https://www.globalkomaba.c.u-tokyo.ac.jp/news/nid00000100.html,
2022/05/30,東京大学海外派遣奨学事業 2022年度オンラインプログラム奨励金 第１回募集,https://www.globalkomaba.c.u-tokyo.ac.jp/news/nid00000115.html,
2022/05/27,主題科目「国際研修」グローバルヘルス入門演習 Introduction to Global Health Part 2（S2ターム）,https://www.globalkomaba.c.u-tokyo.ac.jp/news/nid00000116.html,
2022/05/27,【直接応募】GAUC Climate x Leadership Summer Program 2022参加者募集,https://www.globalkomaba.c.u-tokyo.ac.jp/news/nid00000117.html,
2022/05/27,社員寮への入居者募集について,https://www.globalkomaba.c.u-tokyo.ac.jp/news/nid00000118.html,
2022/05/24,【直接応募】公益財団法人 千本財団,https://www.globalkomaba.c.u-tokyo.ac.jp/news/nid00000105.html,
2022/05/24,【直接応募】富山文化財団,https://www.globalkomaba.c.u-tokyo.ac.jp/news/nid00000106.html,
2022/05/23,アジア女子大学サマープログラム,https://www.globalkomaba.c.u-tokyo.ac.jp/news/nid00000107.html,
2022/05/18,【本部国際交流課直接応募】Tsinghua University Global Summer School (GSS) 2022参加学生の募集,https://www.globalkomaba.c.u-tokyo.ac.jp/news/nid00000108.html,
2022/05/13,【重要・5月13日更新】//追加情報//研究計画書の記載について 【2022年4月入学の私費留学生対象（応募時に未渡日学生も含む）】東京大学外国人留学生特別奨励費制度（東京大学フェローシップ）について ※総合文化研究科に4月に入・進学した学生に限ります,https://www.globalkomaba.c.u-tokyo.ac.jp/news/nid00000123.html,
2022/05/12,【本部国際交流課直接応募】2022年度グローバルキャンパス推進本部サマープログラム参加学生の募集,https://www.globalkomaba.c.u-tokyo.ac.jp/news/nid00000112.html,
2022/05/09,【直接応募】AUA-IITB Overseas Study Programme 2022参加学生の募集,https://www.globalkomaba.c.u-tokyo.ac.jp/news/nid00000113.html,
2022/05/09,【2022年4月入学の私費留学生対象（応募時に未渡日学生も含む）】東京大学外国人留学生特別奨励費制度（東京大学フェローシップ）について ※総合文化研究科に4月に入・進学した学生に限ります,https://www.globalkomaba.c.u-tokyo.ac.jp/news/nid00000122.html,
2022/05/02,2022年度 セビリア大学哲学部への派遣候補学生（大学院学生・学部学生）募集について,https://www.globalkomaba.c.u-tokyo.ac.jp/news/nid00000111.html,
2022/04/21,【第２回〆切日・留学時期に注意】【学部学生対象】業務スーパージャパンドリーム財団 2022年度派遣留学奨学生の募集,https://www.globalkomaba.c.u-tokyo.ac.jp/news/nid00000109.html,
2022/04/21,【GW期間中の取り扱い】【再掲】私費外国人留学生の新規入国にかかる手続きについて（更新）,https://www.globalkomaba.c.u-tokyo.ac.jp/news/nid00000110.html,
2022/04/18,2022年度学習奨励費特別枠（留学生就職促進教育プログラム）受給者推薦 　※応募には奨学金登録が必要です※,https://www.globalkomaba.c.u-tokyo.ac.jp/news/nid00000104.html,
2022/04/15,日米豪印フェローシッププログラム　「学生向けオンライン説明会」,https://www.globalkomaba.c.u-tokyo.ac.jp/news/nid00000103.html,
2022/04/12,【直接応募】バロック村井博之財団,https://www.globalkomaba.c.u-tokyo.ac.jp/news/nid00000121.html,
2022/04/07,公益財団法人味の素奨学金　※応募には奨学金登録が必要です※,https://www.globalkomaba.c.u-tokyo.ac.jp/news/nid00000119.html,
2022/04/07,【直接応募】ウシオ財団,https://www.globalkomaba.c.u-tokyo.ac.jp/news/nid00000120.html,
2022/04/05,【GOチューター】GOチューターセッションは4月6日（水）よりスタートします！,https://www.globalkomaba.c.u-tokyo.ac.jp/news/nid00000102.html,
2022/04/01,新規渡日のPEAK生のための銀行口座開設サポーター募集！,https://www.globalkomaba.c.u-tokyo.ac.jp/news/nid00000101.html,
2022/04/01,2022年度全学交換留学 派遣候補学生の募集（2022-2023年期春募集）,https://www.globalkomaba.c.u-tokyo.ac.jp/news/nid00000114.html,
2022/03/30,【直接応募】実践桜会国際交流基金,https://www.globalkomaba.c.u-tokyo.ac.jp/news/nid00000124.html,
2022/03/30,【直接応募】似鳥国際奨学財団（2022年度下期）,https://www.globalkomaba.c.u-tokyo.ac.jp/news/nid00000125.html,
2022/03/28,【重要】2022年度 在籍確認について（大学院総合文化研究科・教養学部に在学している国費・日韓・交流協会奨学金受給者の皆様へ）(3/28),https://www.globalkomaba.c.u-tokyo.ac.jp/news/nid00000126.html,
2022/03/22,UC派遣プログラム 2022-2023年期　派遣候補学生の募集,https://www.globalkomaba.c.u-tokyo.ac.jp/news/nid00000127.html,
2022/03/22,【直接応募】本庄国際奨学財団 募集期間：2022年4月1日～4月30日,https://www.globalkomaba.c.u-tokyo.ac.jp/news/nid00000128.html,
2022/03/18,【直接応募奨学金】日米豪印フェローシッププログラム,https://www.globalkomaba.c.u-tokyo.ac.jp/news/nid00000129.html,
2022/03/17,2022年度（第2回募集）ベルリン自由大学歴史文化学部、大学院東アジア研究科、シュレーゲル大学院文学研究科及び ゲオルグ・アウグスト大学ゲッティンゲンへの派遣候補学生の募集について,https://www.globalkomaba.c.u-tokyo.ac.jp/news/nid00000130.html,
2022/03/17,2022年度（第2回募集）ドイツの協定校への派遣候補学生の募集について,https://www.globalkomaba.c.u-tokyo.ac.jp/news/nid00000131.html,
2022/03/15,【財団直接応募】公益財団法人　豊田理化学研究所　海外大学院進学支援,https://www.globalkomaba.c.u-tokyo.ac.jp/news/nid00000132.html,
2022/03/15,私費外国人留学生の新規入国にかかる手続きについて（更新）,https://www.globalkomaba.c.u-tokyo.ac.jp/news/nid00000133.html,
2022/03/11,【直接応募】公益財団法人服部国際奨学財団,https://www.globalkomaba.c.u-tokyo.ac.jp/news/nid00000134.html,
2022/03/11,【直接応募】野島財団,https://www.globalkomaba.c.u-tokyo.ac.jp/news/nid00000135.html,
2022/03/11,【直接応募】戸部眞紀財団,https://www.globalkomaba.c.u-tokyo.ac.jp/news/nid00000136.html,
2022/03/11,【直接応募】2022年度公益財団法人ダイオーズ記念財団奨学生,https://www.globalkomaba.c.u-tokyo.ac.jp/news/nid00000137.html,
2022/03/11,【直接応募】大塚敏美育英奨学財団,https://www.globalkomaba.c.u-tokyo.ac.jp/news/nid00000138.html,
2022/03/11,令和４年度 未来へトビタテ！おかやま留学応援事業（学生コース）の募集,https://www.globalkomaba.c.u-tokyo.ac.jp/news/nid00000139.html,
2022/03/09,日本語教育センター(本郷キャンパス) 2022年度S1S2開講コースのご案内,https://www.globalkomaba.c.u-tokyo.ac.jp/news/nid00000140.html,
2022/03/08,樫山奨学寄宿舎生の募集について(2022年5月入居）,https://www.globalkomaba.c.u-tokyo.ac.jp/news/nid00000144.html,
2022/03/03,2022年度Sセメスター大学推薦奨学金登録（大学院新入学生）について,https://www.globalkomaba.c.u-tokyo.ac.jp/news/nid00000143.html,
2022/03/02,【学生募集】2022年 Aセメスター 北京大学EAA派遣留学生の募集,https://www.globalkomaba.c.u-tokyo.ac.jp/news/nid00000141.html,
2022/03/02,【直接応募】マブチ国際育英財団2022年度奨学生(2022.4時点で学部1.2年生が対象） ※応募には奨学金登録が必要です※,https://www.globalkomaba.c.u-tokyo.ac.jp/news/nid00000142.html,
2022/02/28,日本語補講開講のお知らせ（2022 Sセメスター）,https://www.globalkomaba.c.u-tokyo.ac.jp/news/nid00000145.html,
2022/02/24,2022年度 北京大学中国語言文学系への派遣候補学生（大学院学生）募集について,https://www.globalkomaba.c.u-tokyo.ac.jp/news/nid00000146.html,
2022/02/21,樫山奨学寄宿舎生の募集について,https://www.globalkomaba.c.u-tokyo.ac.jp/news/nid00000168.html,
2022/02/17,【直接応募】Building the TOMODACHI Generation: Morgan Stanley Ambassadors Program,https://www.globalkomaba.c.u-tokyo.ac.jp/news/nid00000147.html,
2022/02/14,2022年度　パリ第8大学への派遣候補学生（大学院学生・学部学生）募集について,https://www.globalkomaba.c.u-tokyo.ac.jp/news/nid00000148.html,
2022/02/14,2022年度　パリ大学（旧パリ第７・ディドロ大学）への派遣候補学生（大学院学生・学部学生）募集について,https://www.globalkomaba.c.u-tokyo.ac.jp/news/nid00000149.html,
2022/02/10,2022年度Sセメスター大学推薦奨学金登録（大学院）について,https://www.globalkomaba.c.u-tokyo.ac.jp/news/nid00000150.html,
2022/02/10,シンガポール国立大学理学部への派遣候補学生（学部生）募集について,https://www.globalkomaba.c.u-tokyo.ac.jp/news/nid00000155.html,
2022/02/10,令和４年度公益財団法人安田奨学財団スポーツ枠奨学生の募集について,https://www.globalkomaba.c.u-tokyo.ac.jp/news/nid00000166.html,
2022/02/10,2022年度Sセメスター大学推薦奨学金登録（学部）について,https://www.globalkomaba.c.u-tokyo.ac.jp/news/nid00000167.html,
2022/02/09,【本部国際交流課直接応募】2022年度オンラインサマープログラム（各協定校等主催）参加学生の募集,https://www.globalkomaba.c.u-tokyo.ac.jp/news/nid00000157.html,
2022/02/09,2022年度　エセックス大学（英国）への派遣候補学生（学部生）募集について,https://www.globalkomaba.c.u-tokyo.ac.jp/news/nid00000163.html,
2022/02/07,【直接応募】2022年度UTokyo Global Unit Courses 本学参加学生の募集,https://www.globalkomaba.c.u-tokyo.ac.jp/news/nid00000158.html,
2022/02/03,【人工知能分野の学修・研究対象】東京大学トヨタ高度人工知能人材育成のための海外留学奨学金2022年度募集について,https://www.globalkomaba.c.u-tokyo.ac.jp/news/nid00000159.html,
2022/02/01,【チューター募集中】2022年新入留学生向け 個別チューター登録者 大募集,https://www.globalkomaba.c.u-tokyo.ac.jp/news/nid00000160.html,
2022/01/31,＜注意：2023年度（2023-2024年）の全学交換留学の追加募集はありません＞【追加募集】2021年度全学交換留学（グローバルキャンパス推進本部担当） 派遣候補学生の募集（2022-2023年秋募集）,https://www.globalkomaba.c.u-tokyo.ac.jp/news/nid00000165.html,
2022/01/25,【直接応募】PKU Global Open Courses 2022 Spring 参加学生の募集,https://www.globalkomaba.c.u-tokyo.ac.jp/news/nid00000161.html,
2022/01/20,エコール・ノルマル・シューペリユール（パリ）への交換留学生（派遣）募集について,https://www.globalkomaba.c.u-tokyo.ac.jp/news/nid00000162.html,
2022/01/14,【東京国際交流館】入居者募集　（2022（令和4）年度推薦方式）＊7/6更新,https://www.globalkomaba.c.u-tokyo.ac.jp/news/nid00000164.html,
2022/01/06,一般財団法人アジア国際交流奨学財団 2022年度 川口靜記念奨学生募集,https://www.globalkomaba.c.u-tokyo.ac.jp/news/nid00000152.html,
2022/01/04,【！注意！第一回締切延長】【学部学生対象】業務スーパージャパンドリーム財団 2022年度派遣留学奨学生の募集,https://www.globalkomaba.c.u-tokyo.ac.jp/news/nid00000151.html,
2021/12/28,【直接応募】SJTU Global Virtual Classroom 2022 Spring参加学生の募集,https://www.globalkomaba.c.u-tokyo.ac.jp/news/nid00000170.html,
2021/12/28,川口靜奨学金,https://www.globalkomaba.c.u-tokyo.ac.jp/news/nid00000171.html,
2021/12/28,【直接応募】東亜留学生育友会奨学生,https://www.globalkomaba.c.u-tokyo.ac.jp/news/nid00000172.html,
2021/12/24,東京大学外国人留学生宿舎の入居者募集について,https://www.globalkomaba.c.u-tokyo.ac.jp/news/nid00000173.html,
2021/12/20,私費外国人留学生の新規入国に関する手続きについて,https://www.globalkomaba.c.u-tokyo.ac.jp/news/nid00000174.html,
2021/12/20,【直接応募】公益財団法人日中友好会館「日中友好岸関子賞」,https://www.globalkomaba.c.u-tokyo.ac.jp/news/nid00000175.html,
2021/12/14,【直接応募】公益信託久保田豊基金,https://www.globalkomaba.c.u-tokyo.ac.jp/news/nid00000176.html,
2021/12/13,【〆切日変更】TOMODACHI　住友商事奨学金プログラム2022年度奨学生の募集,https://www.globalkomaba.c.u-tokyo.ac.jp/news/nid00000177.html,
2021/12/13,日本語教育センター(本郷キャンパス)「短期コース」及び「スポット講座」開講のご案内,https://www.globalkomaba.c.u-tokyo.ac.jp/news/nid00000178.html,
2021/12/13,【参加募集】多文化共生社会の課題を英語で学ぶ：オーストラリア研修 in Japan（2021年度A2集中 国際研修）,https://www.globalkomaba.c.u-tokyo.ac.jp/news/nid00000179.html,
2021/12/10,東京大学海外派遣奨学事業 2021年度オンラインプログラム奨励金 第２回募集,https://www.globalkomaba.c.u-tokyo.ac.jp/news/nid00000180.html,
2021/12/06,EAA Global Lecture Series #4 “The Nonhuman in African Philosophy” By Professor Alena Rettová,https://www.globalkomaba.c.u-tokyo.ac.jp/news/nid00000181.html,
2021/12/06,EAA Global Lecture Series #3 “Green with Milk & Sugar: When Japan Filled America’s Tea Cups” By Dr. Robert Hellyer,https://www.globalkomaba.c.u-tokyo.ac.jp/news/nid00000182.html,
2021/12/02,東京大学海外派遣奨学事業　2021年度短期（3ヶ月以上1年以内）海外留学等奨学金　第2回募集について,https://www.globalkomaba.c.u-tokyo.ac.jp/news/nid00000183.html,
2021/12/01,【12.3更新】「博士課程在学期間延長学生」募集要項を掲載しました　佐藤陽国際奨学財団私費留学奨学生【特別募集】ついて,https://www.globalkomaba.c.u-tokyo.ac.jp/news/nid00000184.html,
2021/12/01,【EAAユース（東アジア藝文書院プログラム生）】第3期募集,https://www.globalkomaba.c.u-tokyo.ac.jp/news/nid00000185.html,
2021/11/30,社員寮への入居者募集について,https://www.globalkomaba.c.u-tokyo.ac.jp/news/nid00000186.html,
2021/11/29,【直接応募】岩谷直治記念財団奨学金,https://www.globalkomaba.c.u-tokyo.ac.jp/news/nid00000187.html,
2021/11/26,【本部国際交流課直接応募】2021年度グローバルキャンパス推進本部オンラインウインタープログラム参加学生の募集,https://www.globalkomaba.c.u-tokyo.ac.jp/news/nid00000188.html,
2021/11/26,【理工系大学院学生対象】公益財団法人　日揮・実吉海外留学生奨学金の募集,https://www.globalkomaba.c.u-tokyo.ac.jp/news/nid00000189.html,
2021/11/26,公益財団法人阪和育英会2022年度海外留学奨学生の募集,https://www.globalkomaba.c.u-tokyo.ac.jp/news/nid00000190.html,
2021/11/25,東京都太田記念館 入居者募集,https://www.globalkomaba.c.u-tokyo.ac.jp/news/nid00000191.html,
2021/11/22,EAA Lecture From Seele to Mind: A Sociological Study of Knowledge On the Rationalization of Psychoanalysis,https://www.globalkomaba.c.u-tokyo.ac.jp/news/nid00000192.html,
2021/11/19,公益財団法人 佐藤陽国際奨学財団2022年度派遣留学奨学生,https://www.globalkomaba.c.u-tokyo.ac.jp/news/nid00000193.html,
2021/11/18,【募集】東アジア藝文書院　2022年2月オンライン集中講義（A2ターム）,https://www.globalkomaba.c.u-tokyo.ac.jp/news/nid00000194.html,
2021/11/16,【直接応募】岡本国際奨学交流財団奨学金,https://www.globalkomaba.c.u-tokyo.ac.jp/news/nid00000195.html,
2021/11/16,【本部国際交流課直接応募】AEARU GLIP 2022 Spring　参加学生の募集,https://www.globalkomaba.c.u-tokyo.ac.jp/news/nid00000196.html,
2021/11/09,【募集中止】トビタテ！留学JAPAN 2021 年度の派遣留学生の募集（2022 年度派遣）,https://www.globalkomaba.c.u-tokyo.ac.jp/news/nid00000197.html,
2021/11/05,【法学部へ進学予定の学生対象】公益財団法人トラスト未来フォーラム「2022年度海外留学支援奨学金」,https://www.globalkomaba.c.u-tokyo.ac.jp/news/nid00000198.html,
2021/11/05,公益財団法人国際協和奨学金　令和4年度日本人海外留学奨学生の募集,https://www.globalkomaba.c.u-tokyo.ac.jp/news/nid00000199.html,
2021/11/01,【追加募集】2022年Sセメスター北京大学EAA派遣留学生の募集,https://www.globalkomaba.c.u-tokyo.ac.jp/news/nid00000200.html,
2021/10/25,【直接応募】公益財団法人ヨネックススポーツ振興財団,https://www.globalkomaba.c.u-tokyo.ac.jp/news/nid00000201.html,
2021/10/15,【国際研修】「多文化共生社会の課題を英語で学ぶ」（オーストラリア研修）ガイダンスの説明資料を掲載しました,https://www.globalkomaba.c.u-tokyo.ac.jp/news/nid00000304.html,
2021/10/08,公益財団法人イノアック国際教育振興財団第36期奨学生の募集,https://www.globalkomaba.c.u-tokyo.ac.jp/news/nid00000202.html,
2021/10/07,【国際研修】全体ガイダンス説明資料を掲載しました,https://www.globalkomaba.c.u-tokyo.ac.jp/news/nid00000203.html,
2021/10/07,【直接応募】公益財団法人服部国際奨学財団,https://www.globalkomaba.c.u-tokyo.ac.jp/news/nid00000205.html,
2021/10/07,【直接応募】日中友好協会アリアケジャパン奨学金（旧：丹羽宇一郎奨学金）,https://www.globalkomaba.c.u-tokyo.ac.jp/news/nid00000206.html,
2021/10/06,【学生募集】2022年 Sセメスター北京大学EAA派遣留学生の募集,https://www.globalkomaba.c.u-tokyo.ac.jp/news/nid00000204.html,
2021/10/04,【東京国際交流館】夫婦用C棟　11月入居者　臨時募集のお知らせ,https://www.globalkomaba.c.u-tokyo.ac.jp/news/nid00000207.html,
2021/10/01,【直接応募】伊藤国際教育交流財団,https://www.globalkomaba.c.u-tokyo.ac.jp/news/nid00000208.html,
2021/09/27,2022年度　ドイツの協定校への派遣候補学生の募集について,https://www.globalkomaba.c.u-tokyo.ac.jp/news/nid00000209.html,
2021/09/27,2022年度　ベルリン自由大学歴史文化学部、大学院東アジア研究科、シュレーゲル大学院文学研究科及び ゲオルグ・アウグスト大学ゲッティンゲンへの派遣候補学生の募集について,https://www.globalkomaba.c.u-tokyo.ac.jp/news/nid00000210.html,
2021/09/24,【国際研修】前期課程科目「国際研修（グローバル化のなかの日本と韓国朝鮮）」および後期課程科目「後期国際研修（1）」履修生募集のお知らせ,https://www.globalkomaba.c.u-tokyo.ac.jp/news/nid00000211.html,
2021/09/22,華東師範大学思勉人文高等研究院への派遣候補学生（大学院学生）の募集について,https://www.globalkomaba.c.u-tokyo.ac.jp/news/nid00000212.html,
2021/09/22,国立政治大学歴史学系、国立政治大学台湾史研究所への派遣候補学生（大学院学生）の募集について,https://www.globalkomaba.c.u-tokyo.ac.jp/news/nid00000213.html,
2021/09/21,2021年度第2回　北京大学歴史学系への派遣候補学生（大学院学生）の募集について,https://www.globalkomaba.c.u-tokyo.ac.jp/news/nid00000214.html,
2021/09/21,日本語補講開講のお知らせ（総合文化研究科・教養学部 2021A）,https://www.globalkomaba.c.u-tokyo.ac.jp/news/nid00000215.html,
2021/09/14,【直接応募】似鳥国際奨学財団（2022年度上期）,https://www.globalkomaba.c.u-tokyo.ac.jp/news/nid00000216.html,
2021/09/14,【直接応募】公益財団法人朴龍九育英会奨学金,https://www.globalkomaba.c.u-tokyo.ac.jp/news/nid00000217.html,
2021/09/13,＜応募者登録表〆切変更＞【システムよりの申請】独立行政法人日本学生支援機構（JASSO）2022年度海外留学支援制度（大学院学位取得型）「大学とりまとめ応募」募集について,https://www.globalkomaba.c.u-tokyo.ac.jp/news/nid00000218.html,
2021/09/06,日本語教育センター(本郷キャンパス) 2021年度A1A2開講コースのご案内,https://www.globalkomaba.c.u-tokyo.ac.jp/news/nid00000219.html,
2021/09/03,「オーストラリア研修：多文化共生社会の課題を英語で学ぶ」ガイダンスのお知らせ,https://www.globalkomaba.c.u-tokyo.ac.jp/news/nid00000220.html,
2021/09/02,【直接応募】本庄国際奨学財団（春採用）,https://www.globalkomaba.c.u-tokyo.ac.jp/news/nid00000221.html,
2021/08/30,"EAA Global Lecture Series #2 “Interactive Analysis, Language Barriers and Medical Consultations”By Dr. Shuangyu Li",https://www.globalkomaba.c.u-tokyo.ac.jp/news/nid00000222.html,
2021/08/26,【直接応募】浄土宗平和協会ブックギフト,https://www.globalkomaba.c.u-tokyo.ac.jp/news/nid00000224.html,
2021/08/26,【直接応募】2022年度 日本台湾交流協会日本奨学金留学生（国内採用）,https://www.globalkomaba.c.u-tokyo.ac.jp/news/nid00000223.html,
2021/08/23,2021年度全学交換留学　説明会（2022-2023年期秋募集）,https://www.globalkomaba.c.u-tokyo.ac.jp/news/nid00000225.html,
2021/08/18,IBM Call for Code: Research Challenge for Climate Change,https://www.globalkomaba.c.u-tokyo.ac.jp/news/nid00000226.html,
2021/08/17,新入留学生のための銀行口座開設サポーター募集！,https://www.globalkomaba.c.u-tokyo.ac.jp/news/nid00000227.html,
2021/08/16,2021年度全学交換留学（グローバルキャンパス推進本部担当） 派遣候補学生の募集（2022-2023年秋募集）,https://www.globalkomaba.c.u-tokyo.ac.jp/news/nid00000228.html,
2021/08/13,【直接応募】野村財団,https://www.globalkomaba.c.u-tokyo.ac.jp/news/nid00000229.html,
2021/08/12,東京大学海外派遣奨学事業　2021年度短期（3ヶ月以上1年以内）海外留学等奨学金　第1回募集について,https://www.globalkomaba.c.u-tokyo.ac.jp/news/nid00000230.html,
2021/08/06,【適格者全員応募】東京大学外国人留学生支援基金　川野幸夫基金（緊急給付金）※応募には奨学金登録が必要です※,https://www.globalkomaba.c.u-tokyo.ac.jp/news/nid00000231.html,
2021/08/05,カリフォルニア大学バークレー校・デービス校派遣プログラム（UC 派遣プログラム） 2021-2022 年期 派遣候補学生,https://www.globalkomaba.c.u-tokyo.ac.jp/news/nid00000232.html,
2021/08/02,吉田育英会2022年度＜日本人派遣留学プログラム＞奨学生,https://www.globalkomaba.c.u-tokyo.ac.jp/news/nid00000233.html,
2021/08/02,【直接応募】高久国際奨学財団,https://www.globalkomaba.c.u-tokyo.ac.jp/news/nid00000234.html,
2021/07/29,【夏季申込受付等休止期間】【再掲】外国人留学生等の入国にかかる支援について,https://www.globalkomaba.c.u-tokyo.ac.jp/news/nid00000235.html,
2021/07/15,公益財団法人 竹中育英会 2021年（2022年度秋留学開始分）海外留学奨学生の募集,https://www.globalkomaba.c.u-tokyo.ac.jp/news/nid00000236.html,
2021/07/14,2021年度Aセメスター大学推薦奨学金登録（学部）について,https://www.globalkomaba.c.u-tokyo.ac.jp/news/nid00000237.html,
2021/07/14,2021年度Aセメスター大学推薦奨学金登録（大学院）について,https://www.globalkomaba.c.u-tokyo.ac.jp/news/nid00000238.html,
2021/07/14,【直接応募】林宗毅博士文教基金会,https://www.globalkomaba.c.u-tokyo.ac.jp/news/nid00000239.html,
2021/07/14,【直接応募】渥美国際交流財団,https://www.globalkomaba.c.u-tokyo.ac.jp/news/nid00000240.html,
2021/06/24,公益財団法人KDDI財団「2022年度日本人留学生助成」プログラム,https://www.globalkomaba.c.u-tokyo.ac.jp/news/nid00000241.html,
2021/06/24,公益財団法人 経団連国際教育交流財団　2022年度派遣日本人大学院生奨学金の募集,https://www.globalkomaba.c.u-tokyo.ac.jp/news/nid00000242.html,
2021/06/24,公益財団法人 経団連国際教育交流財団　2022年度派遣産業リーダー人材育成奨学金,https://www.globalkomaba.c.u-tokyo.ac.jp/news/nid00000243.html,
2021/06/23,日本語教育センター(本郷キャンパス) 短期日本語コースのご案内,https://www.globalkomaba.c.u-tokyo.ac.jp/news/nid00000244.html,
2021/06/21,佐藤陽国際奨学財団私費留学奨学生の募集について,https://www.globalkomaba.c.u-tokyo.ac.jp/news/nid00000245.html,
2021/06/17,東京大学海外派遣奨学事業 2021年度オンラインプログラム奨励金 第１回募集,https://www.globalkomaba.c.u-tokyo.ac.jp/news/nid00000246.html,
2021/06/17,【本部国際交流課直接応募】2021年度グローバルキャンパス推進本部オンラインサマープログラム参加学生の募集,https://www.globalkomaba.c.u-tokyo.ac.jp/news/nid00000247.html,
2021/06/16,【学生募集】2021年 東京大学ー北京大学 東アジア藝文書院 Summer Institute募集,https://www.globalkomaba.c.u-tokyo.ac.jp/news/nid00000248.html,
2021/06/08,【直接応募】かめのり財団留学生緊急支援金※応募には奨学金登録が必要です※,https://www.globalkomaba.c.u-tokyo.ac.jp/news/nid00000249.html,
2021/06/07,日本語教育センター(本郷キャンパス)「短期コース」及び「スポット講座」開講のご案内,https://www.globalkomaba.c.u-tokyo.ac.jp/news/nid00000250.html,
2021/06/04,東京大学外国人留学生宿舎の入居者募集について,https://www.globalkomaba.c.u-tokyo.ac.jp/news/nid00000251.html,
2021/05/27,【2021年4月入学者対象】 2021年度 国際総合力DAYS ＠Zoom,https://www.globalkomaba.c.u-tokyo.ac.jp/news/nid00000252.html,
2021/05/27,【直接応募】富山文化財団,https://www.globalkomaba.c.u-tokyo.ac.jp/news/nid00000253.html,
2021/05/19,東アジア藝文書院（EAA）第1回 EAAユース映画批評会 @Zoom,https://www.globalkomaba.c.u-tokyo.ac.jp/news/nid00000254.html,
2021/05/17,<締切延長>社員寮への入居者募集について,https://www.globalkomaba.c.u-tokyo.ac.jp/news/nid00000255.html,
2021/05/17,日本語教育センター(本郷キャンパス) 一般日本語コース追加募集および短期コースのご案内,https://www.globalkomaba.c.u-tokyo.ac.jp/news/nid00000256.html,
2021/05/14,【2021年4月入学の私費留学生対象（応募時に未渡日学生も含む）】東京大学外国人留学生特別奨励費制度（東京大学フェローシップ）について ※総合文化研究科に4月に入・進学した学生に限ります,https://www.globalkomaba.c.u-tokyo.ac.jp/news/nid00000257.html,
2021/05/13,公益財団法人ジャパンマテリアル国際奨学財団 2021年度第2回外国人留学生奨学生,https://www.globalkomaba.c.u-tokyo.ac.jp/news/nid00000258.html,
2021/05/06,令和3年度JEES留学生奨学金（少数受入国）奨学生の募集について,https://www.globalkomaba.c.u-tokyo.ac.jp/news/nid00000259.html,
2021/04/30,【直接応募】本庄国際奨学財団,https://www.globalkomaba.c.u-tokyo.ac.jp/news/nid00000260.html,
2021/04/30,【直接応募】似鳥国際奨学財団（2021年度下期）,https://www.globalkomaba.c.u-tokyo.ac.jp/news/nid00000261.html,
2021/04/23,【本部国際交流課直接応募】2021年度UTokyo Global Unit Courses 本学参加学生の募集,https://www.globalkomaba.c.u-tokyo.ac.jp/news/nid00000305.html,
2021/04/23,【直接応募】実践桜会国際交流基金,https://www.globalkomaba.c.u-tokyo.ac.jp/news/nid00000306.html,
2021/04/21,守谷育英会2021年度奨学生,https://www.globalkomaba.c.u-tokyo.ac.jp/news/nid00000262.html,
2021/04/21,【GW期間中の取り扱い】【再掲】日本への入国を予定される外国人留学生（2020 年度・2021 年度入学者）のみなさんへ,https://www.globalkomaba.c.u-tokyo.ac.jp/news/nid00000263.html,
2021/04/21,【GW期間中の取り扱い】【再掲】一時帰国先等から日本へ再入国する外国人留学生のみなさんへ,https://www.globalkomaba.c.u-tokyo.ac.jp/news/nid00000264.html,
2021/04/19,【直接応募】ウシオ財団,https://www.globalkomaba.c.u-tokyo.ac.jp/news/nid00000265.html,
2021/04/19,【直接応募】More Jobs Better Lives 一般財団法人,https://www.globalkomaba.c.u-tokyo.ac.jp/news/nid00000266.html,
2021/04/16,【国際研修】全体ガイダンス説明資料を掲載しました,https://www.globalkomaba.c.u-tokyo.ac.jp/news/nid00000267.html,
2021/04/14,【本部国際交流課直接応募】2021年度オンラインサマープログラム（各協定校主催）参加学生の第３次募集,https://www.globalkomaba.c.u-tokyo.ac.jp/news/nid00000268.html,
2021/04/14,【再掲】日本への入国を予定される外国人留学生（2020 年度・2021 年度入学者）のみなさんへ,https://www.globalkomaba.c.u-tokyo.ac.jp/news/nid00000269.html,
2021/04/14,【再掲】一時帰国先等から日本へ再入国する外国人留学生のみなさんへ,https://www.globalkomaba.c.u-tokyo.ac.jp/news/nid00000270.html,
2021/04/08,【チューター募集】2021年新入留学生向け 個別チューター登録者 大募集,https://www.globalkomaba.c.u-tokyo.ac.jp/news/nid00000271.html,
2021/04/07,国際研修 2021年度Sセメスター授業一覧を掲載しました,https://www.globalkomaba.c.u-tokyo.ac.jp/news/nid00000272.html,
2021/04/06,2021年度全学交換留学 派遣候補学生の募集（2021-2022年期春募集）,https://www.globalkomaba.c.u-tokyo.ac.jp/news/nid00000273.html,
2021/04/05,【重要】2021年度 在籍確認について（大学院総合文化研究科・教養学部に在学している国費・日韓・交流協会奨学金受給者の皆様へ）（4/5更新）,https://www.globalkomaba.c.u-tokyo.ac.jp/news/nid00000274.html,
2021/03/30,【直接応募】マブチ国際育英財団2021年度奨学生 ※応募には奨学金登録が必要です※,https://www.globalkomaba.c.u-tokyo.ac.jp/news/nid00000275.html,
2021/03/25,北京大学哲学系宗教学系への大学院学生の派遣について（募集）,https://www.globalkomaba.c.u-tokyo.ac.jp/news/nid00000276.html,
2021/03/23,【直接応募】大塚敏美育英奨学財団,https://www.globalkomaba.c.u-tokyo.ac.jp/news/nid00000277.html,
2021/03/23,【直接応募】2021年度公益財団法人ダイオーズ記念財団奨学生,https://www.globalkomaba.c.u-tokyo.ac.jp/news/nid00000278.html,
2021/03/15,北京大学歴史学系への派遣候補学生（大学院学生）の募集について,https://www.globalkomaba.c.u-tokyo.ac.jp/news/nid00000279.html,
2021/03/11,北京大学EAA派遣留学生（学部後期課程）の募集について,https://www.globalkomaba.c.u-tokyo.ac.jp/news/nid00000280.html,
2021/03/11,＜学部生対象＞令和3年度公益財団法人安田奨学財団スポーツ枠奨学生の募集について,https://www.globalkomaba.c.u-tokyo.ac.jp/news/nid00000281.html,
2021/03/10,【直接応募】戸部眞紀財団,https://www.globalkomaba.c.u-tokyo.ac.jp/news/nid00000282.html,
2021/03/10,【直接応募】野島財団,https://www.globalkomaba.c.u-tokyo.ac.jp/news/nid00000283.html,
2021/03/09,日本語教育センター(本郷キャンパス) 2021年度開講コースのご案内,https://www.globalkomaba.c.u-tokyo.ac.jp/news/nid00000284.html,
2021/03/04,一時帰国先等から日本へ再入国する外国人留学生のみなさんへ,https://www.globalkomaba.c.u-tokyo.ac.jp/news/nid00000285.html,
2021/03/04,日本への入国を予定される外国人留学生（2020 年度・2021 年度入学者）のみなさんへ,https://www.globalkomaba.c.u-tokyo.ac.jp/news/nid00000286.html,
2021/03/01,シンガポール国立大学理学部、人文社会科学部への学部生派遣について,https://www.globalkomaba.c.u-tokyo.ac.jp/news/nid00000287.html,
2021/01/12,【東京国際交流館】入居者募集（令和3年度推薦方式）,https://www.globalkomaba.c.u-tokyo.ac.jp/news/nid00000288.html,
2023/08/04,第3回小和田記念講座準備セミナー参加学生募集,https://www.globalkomaba.c.u-tokyo.ac.jp/news/nid00001074.html,〆切日：2023年8月20日
2023/07/05,"＜8/4更新＞[締切延長]
【直接応募】目白台ビレッジ 2023年度秋季RA募集について",https://www.globalkomaba.c.u-tokyo.ac.jp/news/nid00001021.html,
